{
  "openapi": "3.0.0",
  "info": {
    "title": "Brasil API",
    "description": "Acesso programático de informações é algo fundamental na comunicação entre sistemas mas, para nossa surpresa, uma informação tão útil e pública quanto um CEP não consegue ser acessada diretamente por um navegador por conta da API dos Correios não possuir CORS habilitado.\nDado a isso, este projeto experimental tem como objetivo centralizar e disponibilizar endpoints modernos com baixíssima latência utilizando tecnologias como Vercel Smart CDN responsável por fazer o cache das informações em atualmente 23 regiões distribuídas ao longo do mundo (incluindo Brasil). Então não importa o quão devagar for a fonte dos dados, nós queremos disponibilizá-la da forma mais rápida e moderna possível.\n\nRecursos disponíveis\n  - CEP\n  - DDD\n",
    "termsOfService": "https://brasilapi.com.br/",
    "version": "1.0.0",
    "contact": {
      "url": "https://brasilapi.com.br"
    },
    "license": {
      "name": "MIT",
      "url": "https://github.com/BrasilAPI/BrasilAPI/blob/master/LICENSE"
    }
  },
  "tags": [
    {
      "name": "Brasil API",
      "description": "Transformando o Brasil em uma API",
      "externalDocs": {
        "description": "Saiba mais",
        "url": "https://brasilapi.com.br/"
      }
    }
  ],
  "servers": [
    {
      "url": "https://brasilapi.com.br/api"
    }
  ],
  "paths": {
    "/cnpj/v1/{cnpj}": {
      "get": {
        "tags": ["CNPJ"],
        "summary": "Busca por CNPJ na API Minha Receita.",
        "description": "",
        "parameters": [
          {
            "name": "cnpj",
            "description": "O Cadastro Nacional da Pessoa Jurídica é um número único que identifica uma pessoa jurídica e outros tipos de arranjo jurídico sem personalidade jurídica junto à Receita Federal.\n",
            "in": "path",
            "required": true,
            "schema": {
              "type": "string",
              "format": "string"
            }
          }
        ],
        "responses": {
          "200": {
            "description": "Success",
            "content": {
              "application/json": {
                "example": {
                  "cnpj": "19131243000197",
                  "identificador_matriz_filial": 1,
                  "descricao_matriz_filial": "Matriz",
                  "razao_social": "OPEN KNOWLEDGE BRASIL",
                  "nome_fantasia": "REDE PELO CONHECIMENTO LIVRE",
                  "situacao_cadastral": 2,
                  "descricao_situacao_cadastral": "Ativa",
                  "data_situacao_cadastral": "2013-10-03",
                  "motivo_situacao_cadastral": 0,
                  "nome_cidade_exterior": null,
                  "codigo_natureza_juridica": 3999,
                  "data_inicio_atividade": "2013-10-03",
                  "cnae_fiscal": 9430800,
                  "cnae_fiscal_descricao": "Atividades de associações de defesa de direitos sociais",
                  "descricao_tipo_logradouro": "ALAMEDA",
                  "logradouro": "FRANCA",
                  "numero": "144",
                  "complemento": "APT   34",
                  "bairro": "JARDIM PAULISTA",
                  "cep": 1422000,
                  "uf": "SP",
                  "codigo_municipio": 7107,
                  "municipio": "SAO PAULO",
                  "ddd_telefone_1": "11  23851939",
                  "ddd_telefone_2": null,
                  "ddd_fax": null,
                  "qualificacao_do_responsavel": 10,
                  "capital_social": 0.0,
                  "porte": 5,
                  "descricao_porte": "Demais",
                  "opcao_pelo_simples": false,
                  "data_opcao_pelo_simples": null,
                  "data_exclusao_do_simples": null,
                  "opcao_pelo_mei": false,
                  "situacao_especial": null,
                  "data_situacao_especial": null,
                  "cnaes_secundarios": [
                    {
                      "codigo": 9493600,
                      "descricao": "Atividades de organizações associativas ligadas à cultura e à arte"
                    },
                    {
                      "codigo": 9499500,
                      "descricao": "Atividades associativas não especificadas anteriormente"
                    },
                    {
                      "codigo": 8599699,
                      "descricao": "Outras atividades de ensino não especificadas anteriormente"
                    },
                    {
                      "codigo": 8230001,
                      "descricao": "Serviços de organização de feiras, congressos, exposições e festas"
                    },
                    {
                      "codigo": 6204000,
                      "descricao": "Consultoria em tecnologia da informação"
                    }
                  ],
                  "qsa": [
                    {
                      "identificador_de_socio": 2,
                      "nome_socio": "NATALIA PASSOS MAZOTTE CORTEZ",
                      "cnpj_cpf_do_socio": "***059967**",
                      "codigo_qualificacao_socio": 10,
                      "percentual_capital_social": 0,
                      "data_entrada_sociedade": "2019-02-14",
                      "cpf_representante_legal": null,
                      "nome_representante_legal": null,
                      "codigo_qualificacao_representante_legal": null
                    }
                  ]
                }
              }
            }
          },
          "404": {
            "description": "CNPJ não encontrado na API Minha Receita.",
            "content": {
              "application/json": {
                "example": {
                  "name": "CnpjPromiseError",
                  "message": "Erro retornado pela API Minha Receita.",
                  "type": "service_error",
                  "errors": [
                    { "message": "CNPJ 00.000.000/0001-91 não encontrado." }
                  ]
                }
              }
            }
          }
        }
      }
    },
    "/cep/v1/{cep}": {
      "get": {
        "tags": [
          "CEP"
        ],
        "summary": "Busca por CEP com múltiplos providers de fallback.",
        "description": "",
        "parameters": [
          {
            "name": "cep",
            "description": "O CEP (Código de Endereçamento Postal) é um sistema de códigos que visa racionalizar o processo de encaminhamento e entrega de correspondências através da divisão do país em regiões postais. ... Atualmente, o CEP é composto por oito dígitos, cinco de um lado e três de outro. Cada algarismo do CEP possui um significado.\n",
            "in": "path",
            "required": true,
            "schema": {
              "type": "integer",
              "format": "int64"
            }
          }
        ],
        "responses": {
          "200": {
            "description": "Success",
            "content": {
              "application/json": {
                "example": {
                  "cep": "89010025",
                  "state": "SC",
                  "city": "Blumenau",
                  "neighborhood": "Centro",
                  "street": "Rua Doutor Luiz de Freitas Melro"
                }
              }
            }
          },
          "404": {
            "description": "Todos os serviços de CEP retornaram erro.",
            "content": {
              "application/json": {
                "example": {
                  "name": "CepPromiseError",
                  "message": "Todos os serviços de CEP retornaram erro.",
                  "type": "service_error",
                  "errors": [
                    {
                      "name": "ServiceError",
                      "message": "CEP INVÁLIDO",
                      "service": "correios"
                    },
                    {
                      "name": "ServiceError",
                      "message": "CEP não encontrado na base do ViaCEP.",
                      "service": "viacep"
                    }
                  ]
                }
              }
            }
          }
        }
      }
    },
    "/cep/v2/{cep}": {
      "get": {
        "tags": [
          "CEP v2"
        ],
        "summary": "Busca por CEP com múltiplos providers de fallback v2.",
        "description": "",
        "parameters": [
          {
            "name": "cep",
            "description": "O CEP (Código de Endereçamento Postal) é um sistema de códigos que visa racionalizar o processo de encaminhamento e entrega de correspondências através da divisão do país em regiões postais. ... Atualmente, o CEP é composto por oito dígitos, cinco de um lado e três de outro. Cada algarismo do CEP possui um significado.\n",
            "in": "path",
            "required": true,
            "schema": {
              "type": "integer",
              "format": "int64"
            }
          }
        ],
        "responses": {
          "200": {
            "description": "Success",
            "content": {
              "application/json": {
                "example": {
                  "cep": "89010025",
                  "state": "SC",
                  "city": "Blumenau",
                  "neighborhood": "Centro",
                  "street": "Rua Doutor Luiz de Freitas Melro"
                }
              }
            }
          },
          "404": {
            "description": "Todos os serviços de CEP retornaram erro.",
            "content": {
              "application/json": {
                "example": {
                  "name": "CepPromiseError",
                  "message": "Todos os serviços de CEP retornaram erro.",
                  "type": "service_error",
                  "errors": [
                    {
                      "name": "ServiceError",
                      "message": "CEP INVÁLIDO",
                      "service": "correios"
                    },
                    {
                      "name": "ServiceError",
                      "message": "CEP não encontrado na base do ViaCEP.",
                      "service": "viacep"
                    }
                  ]
                }
              }
            }
          }
        }
      }
    },
    "/ddd/v1/{ddd}": {
      "get": {
        "tags": [
          "DDD"
        ],
        "summary": "Retorna estado e lista de cidades por DDD",
        "description": "",
        "parameters": [
          {
            "name": "ddd",
            "description": "DDD significa Discagem Direta à Distância. É um sistema de ligação telefônica automática entre diferentes áreas urbanas nacionais. O DDD é um código constituído por 2 dígitos que identificam as principais cidades do país e devem ser adicionados ao nº de telefone, juntamente com o código da operadora.\n",
            "in": "path",
            "required": true,
            "schema": {
              "type": "integer",
              "format": "int64"
            }
          }
        ],
        "responses": {
          "200": {
            "description": "Success",
            "content": {
              "application/json": {
                "example":
                {
                  "state": "SP",
                  "cities": [
                    "EMBU",
                    "VÁRZEA PAULISTA",
                    "VARGEM GRANDE PAULISTA",
                    "VARGEM",
                    "TUIUTI",
                    "TABOÃO DA SERRA",
                    "SUZANO",
                    "SÃO ROQUE",
                    "SÃO PAULO",
                    "SÃO LOURENÇO DA SERRA",
                    "SÃO CAETANO DO SUL",
                    "SÃO BERNARDO DO CAMPO",
                    "SANTO ANDRÉ",
                    "SANTANA DE PARNAÍBA",
                    "SANTA ISABEL",
                    "SALTO",
                    "SALESÓPOLIS",
                    "RIO GRANDE DA SERRA",
                    "RIBEIRÃO PIRES",
                    "POÁ",
                    "PIRAPORA DO BOM JESUS",
                    "PIRACAIA",
                    "PINHALZINHO",
                    "PEDRA BELA",
                    "OSASCO",
                    "NAZARÉ PAULISTA",
                    "MORUNGABA",
                    "MOGI DAS CRUZES",
                    "MAUÁ",
                    "MAIRIPORÃ",
                    "MAIRINQUE",
                    "JUQUITIBA",
                    "JUNDIAÍ",
                    "JOANÓPOLIS",
                    "JARINU",
                    "JANDIRA",
                    "ITUPEVA",
                    "ITU",
                    "ITATIBA",
                    "ITAQUAQUECETUBA",
                    "ITAPEVI",
                    "ITAPECERICA DA SERRA",
                    "IGARATÁ",
                    "GUARULHOS",
                    "GUARAREMA",
                    "FRANCO DA ROCHA",
                    "FRANCISCO MORATO",
                    "FERRAZ DE VASCONCELOS",
                    "EMBU-GUAÇU",
                    "DIADEMA",
                    "COTIA",
                    "CARAPICUÍBA",
                    "CAMPO LIMPO PAULISTA",
                    "CAJAMAR",
                    "CAIEIRAS",
                    "CABREÚVA",
                    "BRAGANÇA PAULISTA",
                    "BOM JESUS DOS PERDÕES",
                    "BIRITIBA-MIRIM",
                    "BARUERI",
                    "ATIBAIA",
                    "ARUJÁ",
                    "ARAÇARIGUAMA",
                    "ALUMÍNIO"
                  ]
                }
              }
            }
          },
          "404": {
            "description": "DDD não encontrado",
            "content": {
              "application/json": {
                "example":
                {
                  "name": "ddd_error",
                  "message": "DDD não encontrado",
                  "type": "DDD_NOT_FOUND"
                }
              }
            }
          },
          "500": {
            "description": "Todos os serviços de DDD retornaram erro.",
            "content": {
              "application/json": {
                "example":
                {
                  "name": "ddd_error",
                  "message": "Todos os serviços de DDD retornaram erro.",
                  "type": "service_error"
                }
              }
            }
          }
        }
      }
    },
    "/banks/v1": {
      "get": {
        "tags": [
          "BANKS"
        ],
        "summary": "Retorna informações de todos os bancos do Brasil",
        "description": "",
        "responses": {
          "200": {
            "description": "Success",
            "content": {
              "application/json": {
                "example": [
                  {
                    "ispb": "00000000",
                    "name": "BCO DO BRASIL S.A.",
                    "code": 1,
                    "fullName": "Banco do Brasil S.A."
                  },
                  {
                    "ispb": "00000208",
                    "name": "BRB - BCO DE BRASILIA S.A.",
                    "code": 70,
                    "fullName": "BRB - BANCO DE BRASILIA S.A."
                  }
                ]
              }
            }
          }
        }
      }
    },
    "/banks/v1/{code}": {
      "get": {
        "tags": [
          "BANKS"
        ],
        "summary": "Busca as informações de um banco a partir de um código",
        "description": "",
        "responses": {
          "200": {
            "description": "Success",
            "content": {
              "application/json": {
                "example": {
                  "ispb": "00000000",
                  "name": "BCO DO BRASIL S.A.",
                  "code": 1,
                  "fullName": "Banco do Brasil S.A."
                }
              }
            }
          },
          "404": {
            "description": "O código do banco não foi encontrado",
            "content": {
              "application/json": {
                "example": {
                  "message": "Código bancário não encontrado",
                  "type": "BANK_CODE_NOT_FOUND"
                }
              }
            }
          }
        }
      }
    },
    "/feriados/v1/{ano}": {
      "get": {
        "tags": [
          "Feriados nacionais"
        ],
        "summary": "Lista os feriados nacionais de determinado ano.",
        "description": "Calcula os feriados móveis baseados na Páscoa e adiciona os feriados fixos",
        "parameters": [
          {
            "name": "ano",
            "description": "Ano para calcular os feriados.\n",
            "in": "path",
            "required": true,
            "schema": {
              "type": "integer",
              "format": "int64"
            }
          }
        ],
        "responses": {
          "200": {
            "description": "Success",
            "content": {
              "application/json": {
                "example": [
                  {
                    "date": "2021-01-01",
                    "name": "Confraternização mundial",
                    "type": "national"
                  },
                  {
                    "date": "2021-02-16",
                    "name": "Carnaval",
                    "type": "national"
                  },
                  {
                    "date": "2021-04-02",
                    "name": "Paixão de Cristo",
                    "type": "national"
                  },
                  {
                    "date": "2021-04-04",
                    "name": "Páscoa",
                    "type": "national"
                  },
                  {
                    "date": "2021-04-21",
                    "name": "Tiradentes",
                    "type": "national"
                  },
                  {
                    "date": "2021-05-01",
                    "name": "Dia do trabalho",
                    "type": "national"
                  },
                  {
                    "date": "2021-06-03",
                    "name": "Corpus Christi",
                    "type": "national"
                  },
                  {
                    "date": "2021-09-07",
                    "name": "Independência do Brasil",
                    "type": "national"
                  },
                  {
                    "date": "2021-10-12",
                    "name": "Nossa Senhora Aparecida",
                    "type": "national"
                  },
                  {
                    "date": "2021-11-02",
                    "name": "Finados",
                    "type": "national"
                  },
                  {
                    "date": "2021-11-15",
                    "name": "Proclamação da República",
                    "type": "national"
                  },
                  {
                    "date": "2021-12-25",
                    "name": "Natal",
                    "type": "national"
                  }
                ]
              }
            }
          },
          "404": {
            "description": "Ano fora do intervalo suportado.",
            "content": {
              "application/json": {
                "example": {
                  "type": "feriados_range_error",
                  "message": "Ano fora do intervalo suportado entre 1900 e 2199."
                }
              }
            }
          },
          "500": {
            "description": "Erro inesperado.",
            "content": {
              "application/json": {
                "example": {
                  "type": "feriados_error",
                  "message": "Erro ao calcular feriados."
                }
              }
            }
          }
        }
      }
    },
    "/ibge/uf/v1": {
      "get": {
        "tags": [
          "IBGE"
        ],
        "summary": "Retorna informações de todos estados do Brasil",
        "description": "",
        "responses": {
          "200": {
            "description": "Success",
            "content": {
              "application/json": {
                "example": [
                  {
                    "id": 11,
                    "sigla": "RO",
                    "nome": "Rondônia",
                    "regiao": {
                      "id": 1,
                      "sigla": "N",
                      "nome": "Norte"
                    }
                  },
                  {
                    "id": 12,
                    "sigla": "AC",
                    "nome": "Acre",
                    "regiao": {
                      "id": 1,
                      "sigla": "N",
                      "nome": "Norte"
                    }
                  }
                ]
              }
            }
          }
        }
      }
    },
    "/ibge/uf/v1/{code}": {
      "get": {
        "tags": [
          "IBGE"
        ],
        "summary": "Busca as informações de um um estado a partir da sigla ou código",
        "description": "",
        "responses": {
          "200": {
            "description": "Success",
            "content": {
              "application/json": {
                "example": {
                  "id": 35,
                  "sigla": "SP",
                  "nome": "São Paulo",
                  "regiao": {
                    "id": 3,
                    "sigla": "SE",
                    "nome": "Sudeste"
                  }
                }
              }
            }
          },
          "404": {
            "description": "O código / sigla do estado não foi encontrado",
            "content": {
              "application/json": {
                "example": {
                  "name": "NotFoundError",
                  "message": "UF não encontrado",
                  "type": "not_found"
                }
              }
            }
          }
        }
      }
    }
  }
}
